filename,speaker
D:/pro/data/wav/enroll/training/Bac-Nam-1CTN-Nguyen-Phu-Trong/ctn-nguyen-phu-trong1.wav,nguyen-phu-trong
D:/pro/data/wav/enroll/training/Bac-Nam-1CTN-Nguyen-Phu-Trong/ctn-nguyen-phu-trong2.wav,nguyen-phu-trong
D:/pro/data/wav/enroll/training/Bac-Nam-1CTN-Nguyen-Phu-Trong/ctn-nguyen-phu-trong3.wav,nguyen-phu-trong
D:/pro/data/wav/enroll/training/Bac-Nam-1CTN-Nguyen-Phu-Trong/ctn-nguyen-phu-trong4.wav,nguyen-phu-trong
D:/pro/data/wav/enroll/training/Bac-Nam-1CTN-Nguyen-Phu-Trong/ctn-nguyen-phu-trong5.wav,nguyen-phu-trong
D:/pro/data/wav/enroll/training/Bac-Nam-1CTN-Nguyen-Phu-Trong/ctn-nguyen-phu-trong6.wav,nguyen-phu-trong
D:/pro/data/wav/enroll/training/Bac-Nam-1CTN-Nguyen-Phu-Trong/ctn-nguyen-phu-trong7.wav,nguyen-phu-trong
D:/pro/data/wav/enroll/training/Bac-Nam-2CS-son-tung/cs-son-tung1.wav,son-tung
D:/pro/data/wav/enroll/training/Bac-Nam-2CS-son-tung/cs-son-tung2.wav,son-tung
D:/pro/data/wav/enroll/training/Bac-Nam-2CS-son-tung/cs-son-tung3.wav,son-tung
D:/pro/data/wav/enroll/training/Bac-Nam-2CS-son-tung/cs-son-tung4.wav,son-tung
D:/pro/data/wav/enroll/training/Bac-Nam-2CS-son-tung/cs-son-tung5.wav,son-tung
D:/pro/data/wav/enroll/training/Bac-Nam-2CS-son-tung/cs-son-tung6.wav,son-tung
D:/pro/data/wav/enroll/training/Bac-Nam-2CS-son-tung/cs-son-tung7.wav,son-tung
D:/pro/data/wav/enroll/training/Bac-Nam-3le-tham-duong/ts-le-tham-duong1.wav,le-tham-duong
D:/pro/data/wav/enroll/training/Bac-Nam-3le-tham-duong/ts-le-tham-duong2.wav,le-tham-duong
D:/pro/data/wav/enroll/training/Bac-Nam-3le-tham-duong/ts-le-tham-duong3.wav,le-tham-duong
D:/pro/data/wav/enroll/training/Bac-Nam-3le-tham-duong/ts-le-tham-duong4.wav,le-tham-duong
D:/pro/data/wav/enroll/training/Bac-Nam-3le-tham-duong/ts-le-tham-duong5.wav,le-tham-duong
D:/pro/data/wav/enroll/training/Bac-Nam-3le-tham-duong/ts-le-tham-duong6.wav,le-tham-duong
D:/pro/data/wav/enroll/training/Bac-Nam-3le-tham-duong/ts-le-tham-duong7.wav,le-tham-duong
D:/pro/data/wav/enroll/training/Bac-Nam-4lai-van-sam/mc-lai-van-sam1.wav,lai-van-sam
D:/pro/data/wav/enroll/training/Bac-Nam-4lai-van-sam/mc-lai-van-sam2.wav,lai-van-sam
D:/pro/data/wav/enroll/training/Bac-Nam-4lai-van-sam/mc-lai-van-sam3.wav,lai-van-sam
D:/pro/data/wav/enroll/training/Bac-Nam-4lai-van-sam/mc-lai-van-sam4.wav,lai-van-sam
D:/pro/data/wav/enroll/training/Bac-Nam-4lai-van-sam/mc-lai-van-sam5.wav,lai-van-sam
D:/pro/data/wav/enroll/training/Bac-Nam-4lai-van-sam/mc-lai-van-sam6.wav,lai-van-sam
D:/pro/data/wav/enroll/training/Bac-Nam-5vo-duc-dam/ptt-vu-duc-dam1.wav,vu-duc-dam
D:/pro/data/wav/enroll/training/Bac-Nam-5vo-duc-dam/ptt-vu-duc-dam2.wav,vu-duc-dam
D:/pro/data/wav/enroll/training/Bac-Nam-5vo-duc-dam/ptt-vu-duc-dam3.wav,vu-duc-dam
D:/pro/data/wav/enroll/training/Bac-Nam-5vo-duc-dam/ptt-vu-duc-dam4.wav,vu-duc-dam
D:/pro/data/wav/enroll/training/Bac-Nam-5vo-duc-dam/ptt-vu-duc-dam5.wav,vu-duc-dam
D:/pro/data/wav/enroll/training/Bac-Nam-5vo-duc-dam/ptt-vu-duc-dam6.wav,vu-duc-dam
D:/pro/data/wav/enroll/training/Bac-Nam-5vo-duc-dam/ptt-vu-duc-dam7.wav,vu-duc-dam
D:/pro/data/wav/enroll/training/Bac-Nam-6pham-nhat-vuong/ty-phu-pham-nhat-vuong1.wav,pham-nhat-vuong
D:/pro/data/wav/enroll/training/Bac-Nam-6pham-nhat-vuong/ty-phu-pham-nhat-vuong2.wav,pham-nhat-vuong
D:/pro/data/wav/enroll/training/Bac-Nam-6pham-nhat-vuong/ty-phu-pham-nhat-vuong3.wav,pham-nhat-vuong
D:/pro/data/wav/enroll/training/Bac-Nam-6pham-nhat-vuong/ty-phu-pham-nhat-vuong4.wav,pham-nhat-vuong
D:/pro/data/wav/enroll/training/Bac-Nam-6pham-nhat-vuong/ty-phu-pham-nhat-vuong5.wav,pham-nhat-vuong
D:/pro/data/wav/enroll/training/Bac-Nam-6pham-nhat-vuong/ty-phu-pham-nhat-vuong6.wav,pham-nhat-vuong
D:/pro/data/wav/enroll/training/Bac-Nam-6pham-nhat-vuong/ty-phu-pham-nhat-vuong7.wav,pham-nhat-vuong
D:/pro/data/wav/enroll/training/Bac-Nam-7xuan-bac/ns-xuan-bac1.wav,xuan-bac
D:/pro/data/wav/enroll/training/Bac-Nam-7xuan-bac/ns-xuan-bac2.wav,xuan-bac
D:/pro/data/wav/enroll/training/Bac-Nam-7xuan-bac/ns-xuan-bac3.wav,xuan-bac
D:/pro/data/wav/enroll/training/Bac-Nam-7xuan-bac/ns-xuan-bac4.wav,xuan-bac
D:/pro/data/wav/enroll/training/Bac-Nam-7xuan-bac/ns-xuan-bac5.wav,xuan-bac
D:/pro/data/wav/enroll/training/Bac-Nam-7xuan-bac/ns-xuan-bac6.wav,xuan-bac
D:/pro/data/wav/enroll/training/Bac-Nam-8bt-gddt-phung-xuan-nha/btbgd-phung-xuan-nha1.wav,phung-xuan-nha
D:/pro/data/wav/enroll/training/Bac-Nam-8bt-gddt-phung-xuan-nha/btbgd-phung-xuan-nha2.wav,phung-xuan-nha
D:/pro/data/wav/enroll/training/Bac-Nam-8bt-gddt-phung-xuan-nha/btbgd-phung-xuan-nha3.wav,phung-xuan-nha
D:/pro/data/wav/enroll/training/Bac-Nam-8bt-gddt-phung-xuan-nha/btbgd-phung-xuan-nha4.wav,phung-xuan-nha
D:/pro/data/wav/enroll/training/Bac-Nam-8bt-gddt-phung-xuan-nha/btbgd-phung-xuan-nha5.wav,phung-xuan-nha
D:/pro/data/wav/enroll/training/Bac-Nam-8bt-gddt-phung-xuan-nha/btbgd-phung-xuan-nha6.wav,phung-xuan-nha
D:/pro/data/wav/enroll/training/Bac-Nam-9Shark-Hung/shark-hung1.wav,shark-hung
D:/pro/data/wav/enroll/training/Bac-Nam-9Shark-Hung/shark-hung2.wav,shark-hung
D:/pro/data/wav/enroll/training/Bac-Nam-9Shark-Hung/shark-hung3.wav,shark-hung
D:/pro/data/wav/enroll/training/Bac-Nam-9Shark-Hung/shark-hung4.wav,shark-hung
D:/pro/data/wav/enroll/training/Bac-Nam-9Shark-Hung/shark-hung5.wav,shark-hung
D:/pro/data/wav/enroll/training/Bac-Nam-9Shark-Hung/shark-hung6.wav,shark-hung
D:/pro/data/wav/enroll/training/Bac-Nam-9Shark-Hung/shark-hung7.wav,shark-hung
D:/pro/data/wav/enroll/training/Bac-Nam-9Shark-Hung/shark-hung8.wav,shark-hung
D:/pro/data/wav/enroll/training/Bac-Nam-10NSND-Tu-Long/nsnd-tu-long1.wav,nsnd-tu-long
D:/pro/data/wav/enroll/training/Bac-Nam-10NSND-Tu-Long/nsnd-tu-long2.wav,nsnd-tu-long
D:/pro/data/wav/enroll/training/Bac-Nam-10NSND-Tu-Long/nsnd-tu-long3.wav,nsnd-tu-long
D:/pro/data/wav/enroll/training/Bac-Nam-10NSND-Tu-Long/nsnd-tu-long4.wav,nsnd-tu-long
D:/pro/data/wav/enroll/training/Bac-Nam-10NSND-Tu-Long/nsnd-tu-long5.wav,nsnd-tu-long
D:/pro/data/wav/enroll/training/Bac-Nam-10NSND-Tu-Long/nsnd-tu-long6.wav,nsnd-tu-long
D:/pro/data/wav/enroll/training/Bac-Nam-11Shark-Dzung/shark-Dzung1.wav,shark-dzung
D:/pro/data/wav/enroll/training/Bac-Nam-11Shark-Dzung/shark-Dzung2.wav,shark-dzung
D:/pro/data/wav/enroll/training/Bac-Nam-11Shark-Dzung/shark-Dzung3.wav,shark-dzung
D:/pro/data/wav/enroll/training/Bac-Nam-11Shark-Dzung/shark-Dzung4.wav,shark-dzung
D:/pro/data/wav/enroll/training/Bac-Nam-11Shark-Dzung/shark-Dzung5.wav,shark-dzung
D:/pro/data/wav/enroll/training/Bac-Nam-11Shark-Dzung/shark-Dzung6.wav,shark-dzung
D:/pro/data/wav/enroll/training/Bac-Nam-12blv-tabiencuong/blv-ta-bien-cuong1.wav,blv-ta-bien-cuong
D:/pro/data/wav/enroll/training/Bac-Nam-12blv-tabiencuong/blv-ta-bien-cuong2.wav,blv-ta-bien-cuong
D:/pro/data/wav/enroll/training/Bac-Nam-12blv-tabiencuong/blv-ta-bien-cuong3.wav,blv-ta-bien-cuong
D:/pro/data/wav/enroll/training/Bac-Nam-12blv-tabiencuong/blv-ta-bien-cuong4.wav,blv-ta-bien-cuong
D:/pro/data/wav/enroll/training/Bac-Nam-12blv-tabiencuong/blv-ta-bien-cuong5.wav,blv-ta-bien-cuong
D:/pro/data/wav/enroll/training/Bac-Nam-12blv-tabiencuong/blv-ta-bien-cuong6.wav,blv-ta-bien-cuong
D:/pro/data/wav/enroll/training/Bac-Nam-13BLV-QUANG-HUY/blv-quang-huy1.wav,blv-quang-huy
D:/pro/data/wav/enroll/training/Bac-Nam-13BLV-QUANG-HUY/blv-quang-huy2.wav,blv-quang-huy
D:/pro/data/wav/enroll/training/Bac-Nam-13BLV-QUANG-HUY/blv-quang-huy3.wav,blv-quang-huy
D:/pro/data/wav/enroll/training/Bac-Nam-13BLV-QUANG-HUY/blv-quang-huy4.wav,blv-quang-huy
D:/pro/data/wav/enroll/training/Bac-Nam-13BLV-QUANG-HUY/blv-quang-huy5.wav,blv-quang-huy
D:/pro/data/wav/enroll/training/Bac-Nam-13BLV-QUANG-HUY/blv-quang-huy6.wav,blv-quang-huy
D:/pro/data/wav/enroll/training/Bac-Nam-14ctHN-nguyenducchung/ct-ubndhn-nguyen-duc-chung1.wav,nguyen-duc-chung
D:/pro/data/wav/enroll/training/Bac-Nam-14ctHN-nguyenducchung/ct-ubndhn-nguyen-duc-chung2.wav,nguyen-duc-chung
D:/pro/data/wav/enroll/training/Bac-Nam-14ctHN-nguyenducchung/ct-ubndhn-nguyen-duc-chung3.wav,nguyen-duc-chung
D:/pro/data/wav/enroll/training/Bac-Nam-14ctHN-nguyenducchung/ct-ubndhn-nguyen-duc-chung4.wav,nguyen-duc-chung
D:/pro/data/wav/enroll/training/Bac-Nam-14ctHN-nguyenducchung/ct-ubndhn-nguyen-duc-chung5.wav,nguyen-duc-chung
D:/pro/data/wav/enroll/training/Bac-Nam-14ctHN-nguyenducchung/ct-ubndhn-nguyen-duc-chung6.wav,nguyen-duc-chung
D:/pro/data/wav/enroll/training/Bac-Nam-15ceo-nguyentuquang/ceo-bkav-nguyen-tu-quang1.wav,nguyen-tu-quang
D:/pro/data/wav/enroll/training/Bac-Nam-15ceo-nguyentuquang/ceo-bkav-nguyen-tu-quang2.wav,nguyen-tu-quang
D:/pro/data/wav/enroll/training/Bac-Nam-15ceo-nguyentuquang/ceo-bkav-nguyen-tu-quang3.wav,nguyen-tu-quang
D:/pro/data/wav/enroll/training/Bac-Nam-15ceo-nguyentuquang/ceo-bkav-nguyen-tu-quang4.wav,nguyen-tu-quang
D:/pro/data/wav/enroll/training/Bac-Nam-15ceo-nguyentuquang/ceo-bkav-nguyen-tu-quang5.wav,nguyen-tu-quang
D:/pro/data/wav/enroll/training/Bac-Nam-15ceo-nguyentuquang/ceo-bkav-nguyen-tu-quang6.wav,nguyen-tu-quang
D:/pro/data/wav/enroll/training/Bac-Nam-15ceo-nguyentuquang/ceo-bkav-nguyen-tu-quang7.wav,nguyen-tu-quang
D:/pro/data/wav/enroll/training/Bac-Nam-16NS-congly/ns-cong-ly1.wav,cong-ly
D:/pro/data/wav/enroll/training/Bac-Nam-16NS-congly/ns-cong-ly2.wav,cong-ly
D:/pro/data/wav/enroll/training/Bac-Nam-16NS-congly/ns-cong-ly3.wav,cong-ly
D:/pro/data/wav/enroll/training/Bac-Nam-16NS-congly/ns-cong-ly4.wav,cong-ly
D:/pro/data/wav/enroll/training/Bac-Nam-16NS-congly/ns-cong-ly5.wav,cong-ly
D:/pro/data/wav/enroll/training/Bac-Nam-16NS-congly/ns-cong-ly6.wav,cong-ly
D:/pro/data/wav/enroll/training/Bac-Nam-17cs-tuanhung/cs-tuan-hung1.wav,tuan-hung
D:/pro/data/wav/enroll/training/Bac-Nam-17cs-tuanhung/cs-tuan-hung2.wav,tuan-hung
D:/pro/data/wav/enroll/training/Bac-Nam-17cs-tuanhung/cs-tuan-hung3.wav,tuan-hung
D:/pro/data/wav/enroll/training/Bac-Nam-17cs-tuanhung/cs-tuan-hung4.wav,tuan-hung
D:/pro/data/wav/enroll/training/Bac-Nam-17cs-tuanhung/cs-tuan-hung5.wav,tuan-hung
D:/pro/data/wav/enroll/training/Bac-Nam-17cs-tuanhung/cs-tuan-hung6.wav,tuan-hung
D:/pro/data/wav/enroll/training/Bac-Nam-17cs-tuanhung/cs-tuan-hung7.wav,tuan-hung
D:/pro/data/wav/enroll/training/Bac-Nam-18cs-caothaison/cs-cao-thai-son1.wav,cao-thai-son
D:/pro/data/wav/enroll/training/Bac-Nam-18cs-caothaison/cs-cao-thai-son2.wav,cao-thai-son
D:/pro/data/wav/enroll/training/Bac-Nam-18cs-caothaison/cs-cao-thai-son3.wav,cao-thai-son
D:/pro/data/wav/enroll/training/Bac-Nam-18cs-caothaison/cs-cao-thai-son4.wav,cao-thai-son
D:/pro/data/wav/enroll/training/Bac-Nam-18cs-caothaison/cs-cao-thai-son5.wav,cao-thai-son
D:/pro/data/wav/enroll/training/Bac-Nam-18cs-caothaison/cs-cao-thai-son6.wav,cao-thai-son
D:/pro/data/wav/enroll/training/Bac-Nam-19ls-phamthanhlong/ls-pham-thanh-long1.wav,pham-thanh-long
D:/pro/data/wav/enroll/training/Bac-Nam-19ls-phamthanhlong/ls-pham-thanh-long2.wav,pham-thanh-long
D:/pro/data/wav/enroll/training/Bac-Nam-19ls-phamthanhlong/ls-pham-thanh-long3.wav,pham-thanh-long
D:/pro/data/wav/enroll/training/Bac-Nam-19ls-phamthanhlong/ls-pham-thanh-long4.wav,pham-thanh-long
D:/pro/data/wav/enroll/training/Bac-Nam-19ls-phamthanhlong/ls-pham-thanh-long5.wav,pham-thanh-long
D:/pro/data/wav/enroll/training/Bac-Nam-19ls-phamthanhlong/ls-pham-thanh-long6.wav,pham-thanh-long
D:/pro/data/wav/enroll/training/Bac-Nam-20cs-khacviet/cs-khac-viet1.wav,khac-viet
D:/pro/data/wav/enroll/training/Bac-Nam-20cs-khacviet/cs-khac-viet2.wav,khac-viet
D:/pro/data/wav/enroll/training/Bac-Nam-20cs-khacviet/cs-khac-viet3.wav,khac-viet
D:/pro/data/wav/enroll/training/Bac-Nam-20cs-khacviet/cs-khac-viet4.wav,khac-viet
D:/pro/data/wav/enroll/training/Bac-Nam-20cs-khacviet/cs-khac-viet5.wav,khac-viet
D:/pro/data/wav/enroll/training/Bac-Nam-20cs-khacviet/cs-khac-viet6.wav,khac-viet
D:/pro/data/wav/enroll/training/Bac-Nam-21streamer-VIRUSS/streamer-viruss1.wav,viruss
D:/pro/data/wav/enroll/training/Bac-Nam-21streamer-VIRUSS/streamer-viruss2.wav,viruss
D:/pro/data/wav/enroll/training/Bac-Nam-21streamer-VIRUSS/streamer-viruss3.wav,viruss
D:/pro/data/wav/enroll/training/Bac-Nam-21streamer-VIRUSS/streamer-viruss4.wav,viruss
D:/pro/data/wav/enroll/training/Bac-Nam-21streamer-VIRUSS/streamer-viruss5.wav,viruss
D:/pro/data/wav/enroll/training/Bac-Nam-21streamer-VIRUSS/streamer-viruss6.wav,viruss
D:/pro/data/wav/enroll/training/Bac-Nam-21streamer-VIRUSS/streamer-viruss7.wav,viruss
D:/pro/data/wav/enroll/training/Bac-Nam-22cs-Erik/cs-erik1.wav,erik
D:/pro/data/wav/enroll/training/Bac-Nam-22cs-Erik/cs-erik2.wav,erik
D:/pro/data/wav/enroll/training/Bac-Nam-22cs-Erik/cs-erik3.wav,erik
D:/pro/data/wav/enroll/training/Bac-Nam-22cs-Erik/cs-erik4.wav,erik
D:/pro/data/wav/enroll/training/Bac-Nam-22cs-Erik/cs-erik5.wav,erik
D:/pro/data/wav/enroll/training/Bac-Nam-22cs-Erik/cs-erik6.wav,erik
D:/pro/data/wav/enroll/training/Bac-Nam-22cs-Erik/cs-erik7.wav,erik
D:/pro/data/wav/enroll/training/Bac-Nam-23ns-chi-trung/nsut-chi-trung1.wav,chi-trung
D:/pro/data/wav/enroll/training/Bac-Nam-23ns-chi-trung/nsut-chi-trung2.wav,chi-trung
D:/pro/data/wav/enroll/training/Bac-Nam-23ns-chi-trung/nsut-chi-trung3.wav,chi-trung
D:/pro/data/wav/enroll/training/Bac-Nam-23ns-chi-trung/nsut-chi-trung4.wav,chi-trung
D:/pro/data/wav/enroll/training/Bac-Nam-23ns-chi-trung/nsut-chi-trung5.wav,chi-trung
D:/pro/data/wav/enroll/training/Bac-Nam-23ns-chi-trung/nsut-chi-trung6.wav,chi-trung
D:/pro/data/wav/enroll/training/Bac-Nam-24cauthu-dohungdung/ct-do-hung-dung1.wav,do-hung-dung
D:/pro/data/wav/enroll/training/Bac-Nam-24cauthu-dohungdung/ct-do-hung-dung2.wav,do-hung-dung
D:/pro/data/wav/enroll/training/Bac-Nam-24cauthu-dohungdung/ct-do-hung-dung3.wav,do-hung-dung
D:/pro/data/wav/enroll/training/Bac-Nam-24cauthu-dohungdung/ct-do-hung-dung4.wav,do-hung-dung
D:/pro/data/wav/enroll/training/Bac-Nam-24cauthu-dohungdung/ct-do-hung-dung5.wav,do-hung-dung
D:/pro/data/wav/enroll/training/Bac-Nam-24cauthu-dohungdung/ct-do-hung-dung6.wav,do-hung-dung
D:/pro/data/wav/enroll/training/Bac-Nam-25gamethu-psman/gamethu-psman1.wav,psman
D:/pro/data/wav/enroll/training/Bac-Nam-25gamethu-psman/gamethu-psman2.wav,psman
D:/pro/data/wav/enroll/training/Bac-Nam-25gamethu-psman/gamethu-psman3.wav,psman
D:/pro/data/wav/enroll/training/Bac-Nam-25gamethu-psman/gamethu-psman4.wav,psman
D:/pro/data/wav/enroll/training/Bac-Nam-25gamethu-psman/gamethu-psman5.wav,psman
D:/pro/data/wav/enroll/training/Bac-Nam-25gamethu-psman/gamethu-psman6.wav,psman
D:/pro/data/wav/enroll/training/Bac-Nam-25gamethu-psman/gamethu-psman7.wav,psman
D:/pro/data/wav/enroll/training/MienNam-Nam-1nguyen-ngoc-ngan/nguyen-ngoc-ngan1.wav,nguyen-ngoc-ngan
D:/pro/data/wav/enroll/training/MienNam-Nam-1nguyen-ngoc-ngan/nguyen-ngoc-ngan2.wav,nguyen-ngoc-ngan
D:/pro/data/wav/enroll/training/MienNam-Nam-1nguyen-ngoc-ngan/nguyen-ngoc-ngan3.wav,nguyen-ngoc-ngan
D:/pro/data/wav/enroll/training/MienNam-Nam-1nguyen-ngoc-ngan/nguyen-ngoc-ngan4.wav,nguyen-ngoc-ngan
D:/pro/data/wav/enroll/training/MienNam-Nam-1nguyen-ngoc-ngan/nguyen-ngoc-ngan5.wav,nguyen-ngoc-ngan
D:/pro/data/wav/enroll/training/MienNam-Nam-1nguyen-ngoc-ngan/nguyen-ngoc-ngan6.wav,nguyen-ngoc-ngan
D:/pro/data/wav/enroll/training/MienNam-Nam-2cs-dan-truong/cs-dan-truong1.wav,dan -truong
D:/pro/data/wav/enroll/training/MienNam-Nam-2cs-dan-truong/cs-dan-truong2.wav,dan -truong
D:/pro/data/wav/enroll/training/MienNam-Nam-2cs-dan-truong/cs-dan-truong3.wav,dan -truong
D:/pro/data/wav/enroll/training/MienNam-Nam-2cs-dan-truong/cs-dan-truong4.wav,dan -truong
D:/pro/data/wav/enroll/training/MienNam-Nam-3cs-issac/cs-issac1.wav,issac
D:/pro/data/wav/enroll/training/MienNam-Nam-3cs-issac/cs-issac2.wav,issac
D:/pro/data/wav/enroll/training/MienNam-Nam-3cs-issac/cs-issac3.wav,issac
D:/pro/data/wav/enroll/training/MienNam-Nam-3cs-issac/cs-issac4.wav,issac
D:/pro/data/wav/enroll/training/MienNam-Nam-4cs-ly-hai/cs-ly-hai1.wav,ly-hai
D:/pro/data/wav/enroll/training/MienNam-Nam-4cs-ly-hai/cs-ly-hai2.wav,ly-hai
D:/pro/data/wav/enroll/training/MienNam-Nam-4cs-ly-hai/cs-ly-hai3.wav,ly-hai
D:/pro/data/wav/enroll/training/MienNam-Nam-4cs-ly-hai/cs-ly-hai4.wav,ly-hai
D:/pro/data/wav/enroll/training/MienNam-Nam-4cs-ly-hai/cs-ly-hai5.wav,ly-hai
D:/pro/data/wav/enroll/training/MienNam-Nam-4cs-ly-hai/cs-ly-hai6.wav,ly-hai
D:/pro/data/wav/enroll/training/MienNam-Nam-5cs-ngo-kien-huy/cs-ngo-kien-huy1.wav,ngo-kien-huy
D:/pro/data/wav/enroll/training/MienNam-Nam-5cs-ngo-kien-huy/cs-ngo-kien-huy2.wav,ngo-kien-huy
D:/pro/data/wav/enroll/training/MienNam-Nam-5cs-ngo-kien-huy/cs-ngo-kien-huy3.wav,ngo-kien-huy
D:/pro/data/wav/enroll/training/MienNam-Nam-5cs-ngo-kien-huy/cs-ngo-kien-huy4.wav,ngo-kien-huy
D:/pro/data/wav/enroll/training/MienNam-Nam-5cs-ngo-kien-huy/cs-ngo-kien-huy5.wav,ngo-kien-huy
D:/pro/data/wav/enroll/training/MienNam-Nam-5cs-ngo-kien-huy/cs-ngo-kien-huy6.wav,ngo-kien-huy
D:/pro/data/wav/enroll/training/MienNam-Nam-5cs-ngo-kien-huy/cs-ngo-kien-huy7.wav,ngo-kien-huy
D:/pro/data/wav/enroll/training/MienNam-Nam-6cs-noo-phuoc-thinh/cs -noo-phuoc-thinh1.wav,noo-phuoc-thinh
D:/pro/data/wav/enroll/training/MienNam-Nam-6cs-noo-phuoc-thinh/cs -noo-phuoc-thinh2.wav,noo-phuoc-thinh
D:/pro/data/wav/enroll/training/MienNam-Nam-6cs-noo-phuoc-thinh/cs -noo-phuoc-thinh3.wav,noo-phuoc-thinh
D:/pro/data/wav/enroll/training/MienNam-Nam-6cs-noo-phuoc-thinh/cs -noo-phuoc-thinh4.wav,noo-phuoc-thinh
D:/pro/data/wav/enroll/training/MienNam-Nam-6cs-noo-phuoc-thinh/cs -noo-phuoc-thinh5.wav,noo-phuoc-thinh
D:/pro/data/wav/enroll/training/MienNam-Nam-6cs-noo-phuoc-thinh/cs -noo-phuoc-thinh6.wav,noo-phuoc-thinh
D:/pro/data/wav/enroll/training/MienNam-Nam-7ns-chi-tai/ns-chi-tai1.wav,chi-tai
D:/pro/data/wav/enroll/training/MienNam-Nam-7ns-chi-tai/ns-chi-tai2.wav,chi-tai
D:/pro/data/wav/enroll/training/MienNam-Nam-7ns-chi-tai/ns-chi-tai3.wav,chi-tai
D:/pro/data/wav/enroll/training/MienNam-Nam-7ns-chi-tai/ns-chi-tai4.wav,chi-tai
D:/pro/data/wav/enroll/training/MienNam-Nam-7ns-chi-tai/ns-chi-tai5.wav,chi-tai
D:/pro/data/wav/enroll/training/MienNam-Nam-8ct-ubnd-tphm-nguyen-thanh-phong/ct-ubnd-tphcm-nguyen-thanh-phong1.wav,nguyen-thanh-phog
D:/pro/data/wav/enroll/training/MienNam-Nam-8ct-ubnd-tphm-nguyen-thanh-phong/ct-ubnd-tphcm-nguyen-thanh-phong2.wav,nguyen-thanh-phog
D:/pro/data/wav/enroll/training/MienNam-Nam-8ct-ubnd-tphm-nguyen-thanh-phong/ct-ubnd-tphcm-nguyen-thanh-phong3.wav,nguyen-thanh-phog
D:/pro/data/wav/enroll/training/MienNam-Nam-8ct-ubnd-tphm-nguyen-thanh-phong/ct-ubnd-tphcm-nguyen-thanh-phong4.wav,nguyen-thanh-phog
D:/pro/data/wav/enroll/training/MienNam-Nam-9bau-duc/bau-duc1.wav,bau-duc
D:/pro/data/wav/enroll/training/MienNam-Nam-9bau-duc/bau-duc2.wav,bau-duc
D:/pro/data/wav/enroll/training/MienNam-Nam-9bau-duc/bau-duc3.wav,bau-duc
D:/pro/data/wav/enroll/training/MienNam-Nam-9bau-duc/bau-duc4.wav,bau-duc
D:/pro/data/wav/enroll/training/MienNam-Nam-9bau-duc/bau-duc5.wav,bau-duc
D:/pro/data/wav/enroll/training/MienNam-Nam-10tran-thanh/tran-thanh1.wav,tran-thanh
D:/pro/data/wav/enroll/training/MienNam-Nam-10tran-thanh/tran-thanh2.wav,tran-thanh
D:/pro/data/wav/enroll/training/MienNam-Nam-10tran-thanh/tran-thanh3.wav,tran-thanh
D:/pro/data/wav/enroll/training/MienNam-Nam-10tran-thanh/tran-thanh4.wav,tran-thanh
D:/pro/data/wav/enroll/training/MienNam-Nam-10tran-thanh/tran-thanh5.wav,tran-thanh
D:/pro/data/wav/enroll/training/MienNam-Nam-10tran-thanh/tran-thanh6.wav,tran-thanh
D:/pro/data/wav/enroll/training/MienNam-Nam-11hieu-hien/hieu-hien1.wav,hieu-hien
D:/pro/data/wav/enroll/training/MienNam-Nam-11hieu-hien/hieu-hien1.wav,hieu-hien
D:/pro/data/wav/enroll/training/MienNam-Nam-11hieu-hien/hieu-hien2.wav,hieu-hien
D:/pro/data/wav/enroll/training/MienNam-Nam-11hieu-hien/hieu-hien3.wav,hieu-hien
D:/pro/data/wav/enroll/training/MienNam-Nam-12cris-phan/cris-phan1.wav,cris-phan
D:/pro/data/wav/enroll/training/MienNam-Nam-12cris-phan/cris-phan2.wav,cris-phan
D:/pro/data/wav/enroll/training/MienNam-Nam-12cris-phan/cris-phan3.wav,cris-phan
D:/pro/data/wav/enroll/training/MienNam-Nam-12cris-phan/cris-phan4.wav,cris-phan
D:/pro/data/wav/enroll/training/MienNam-Nam-12cris-phan/cris-phan5.wav,cris-phan
D:/pro/data/wav/enroll/training/MienNam-Nam-12cris-phan/cris-phan6.wav,cris-phan
D:/pro/data/wav/enroll/training/MienNam-Nam-13cs-jun-pham/jun-pham1.wav,jun-pham
D:/pro/data/wav/enroll/training/MienNam-Nam-13cs-jun-pham/jun-pham2.wav,jun-pham
D:/pro/data/wav/enroll/training/MienNam-Nam-13cs-jun-pham/jun-pham3.wav,jun-pham
D:/pro/data/wav/enroll/training/MienNam-Nam-13cs-jun-pham/jun-pham4.wav,jun-pham
D:/pro/data/wav/enroll/training/MienNam-Nam-13cs-jun-pham/jun-pham5.wav,jun-pham
D:/pro/data/wav/enroll/training/MienNam-Nam-14thay-thich-tam-nguyen/thay-thich-tam-nguyen1.wav,thich-tam-nguyen
D:/pro/data/wav/enroll/training/MienNam-Nam-14thay-thich-tam-nguyen/thay-thich-tam-nguyen2.wav,thich-tam-nguyen
D:/pro/data/wav/enroll/training/MienNam-Nam-14thay-thich-tam-nguyen/thay-thich-tam-nguyen3.wav,thich-tam-nguyen
D:/pro/data/wav/enroll/training/MienNam-Nam-14thay-thich-tam-nguyen/thay-thich-tam-nguyen4.wav,thich-tam-nguyen
D:/pro/data/wav/enroll/training/MienNam-Nam-14thay-thich-tam-nguyen/thay-thich-tam-nguyen5.wav,thich-tam-nguyen
D:/pro/data/wav/enroll/training/MienNam-Nam-14thay-thich-tam-nguyen/thay-thich-tam-nguyen6.wav,thich-tam-nguyen
D:/pro/data/wav/enroll/training/MienNam-Nam-14thay-thich-tam-nguyen/thay-thich-tam-nguyen7.wav,thich-tam-nguyen
D:/pro/data/wav/enroll/training/MienNam-Nam-15cs-trinh-thanh-binh/cs-trinh-thanh-binh1.wav,trinh-thanh-binh
D:/pro/data/wav/enroll/training/MienNam-Nam-15cs-trinh-thanh-binh/cs-trinh-thanh-binh2.wav,trinh-thanh-binh
D:/pro/data/wav/enroll/training/MienNam-Nam-15cs-trinh-thanh-binh/cs-trinh-thanh-binh3.wav,trinh-thanh-binh
D:/pro/data/wav/enroll/training/MienNam-Nam-15cs-trinh-thanh-binh/cs-trinh-thanh-binh4.wav,trinh-thanh-binh
D:/pro/data/wav/enroll/training/MienNam-Nam-15cs-trinh-thanh-binh/cs-trinh-thanh-binh5.wav,trinh-thanh-binh
D:/pro/data/wav/enroll/training/MienNam-Nam-15cs-trinh-thanh-binh/cs-trinh-thanh-binh6.wav,trinh-thanh-binh
D:/pro/data/wav/enroll/training/MienNam-Nam-15cs-trinh-thanh-binh/cs-trinh-thanh-binh7.wav,trinh-thanh-binh
D:/pro/data/wav/enroll/training/MienNam-Nam-16cs-lam-truong/cs-lam-truong1.wav,lam-truong
D:/pro/data/wav/enroll/training/MienNam-Nam-16cs-lam-truong/cs-lam-truong2.wav,lam-truong
D:/pro/data/wav/enroll/training/MienNam-Nam-16cs-lam-truong/cs-lam-truong3.wav,lam-truong
D:/pro/data/wav/enroll/training/MienNam-Nam-16cs-lam-truong/cs-lam-truong4.wav,lam-truong
D:/pro/data/wav/enroll/training/MienNam-Nam-16cs-lam-truong/cs-lam-truong5.wav,lam-truong
D:/pro/data/wav/enroll/training/Trung-Nam-1tt-nguyen-xuan-phuc/tt-nguyen-xuan-phuc1.wav,nguyen-xuan-phuc
D:/pro/data/wav/enroll/training/Trung-Nam-1tt-nguyen-xuan-phuc/tt-nguyen-xuan-phuc2.wav,nguyen-xuan-phuc
D:/pro/data/wav/enroll/training/Trung-Nam-1tt-nguyen-xuan-phuc/tt-nguyen-xuan-phuc3.wav,nguyen-xuan-phuc
D:/pro/data/wav/enroll/training/Trung-Nam-1tt-nguyen-xuan-phuc/tt-nguyen-xuan-phuc4.wav,nguyen-xuan-phuc
D:/pro/data/wav/enroll/training/Trung-Nam-1tt-nguyen-xuan-phuc/tt-nguyen-xuan-phuc5.wav,nguyen-xuan-phuc
D:/pro/data/wav/enroll/training/Trung-Nam-1tt-nguyen-xuan-phuc/tt-nguyen-xuan-phuc6.wav,nguyen-xuan-phuc
D:/pro/data/wav/enroll/training/Trung-Nam-1tt-nguyen-xuan-phuc/tt-nguyen-xuan-phuc7.wav,nguyen-xuan-phuc
D:/pro/data/wav/enroll/training/Trung-Nam-2nsh-truong-giang/nsh-truong-giang1.wav,truong-giang
D:/pro/data/wav/enroll/training/Trung-Nam-2nsh-truong-giang/nsh-truong-giang2.wav,truong-giang
D:/pro/data/wav/enroll/training/Trung-Nam-2nsh-truong-giang/nsh-truong-giang3.wav,truong-giang
D:/pro/data/wav/enroll/training/Trung-Nam-2nsh-truong-giang/nsh-truong-giang4.wav,truong-giang
D:/pro/data/wav/enroll/training/Trung-Nam-2nsh-truong-giang/nsh-truong-giang5.wav,truong-giang
D:/pro/data/wav/enroll/training/Trung-Nam-2nsh-truong-giang/nsh-truong-giang6.wav,truong-giang
D:/pro/data/wav/enroll/training/Trung-Nam-3cs-dam-vinh-hung/cs-dam-vinh-hung1.wav,dam-vinh-hung
D:/pro/data/wav/enroll/training/Trung-Nam-3cs-dam-vinh-hung/cs-dam-vinh-hung2.wav,dam-vinh-hung
D:/pro/data/wav/enroll/training/Trung-Nam-3cs-dam-vinh-hung/cs-dam-vinh-hung3.wav,dam-vinh-hung
D:/pro/data/wav/enroll/training/Trung-Nam-3cs-dam-vinh-hung/cs-dam-vinh-hung4.wav,dam-vinh-hung
D:/pro/data/wav/enroll/training/Trung-Nam-3cs-dam-vinh-hung/cs-dam-vinh-hung5.wav,dam-vinh-hung
D:/pro/data/wav/enroll/training/Trung-Nam-3cs-dam-vinh-hung/cs-dam-vinh-hung6.wav,dam-vinh-hung
D:/pro/data/wav/enroll/training/Trung-Nam-4ct-pham-xuan-manh/ct-pham-xuan-manh1.wav,pham-xuan-manh
D:/pro/data/wav/enroll/training/Trung-Nam-4ct-pham-xuan-manh/ct-pham-xuan-manh2.wav,pham-xuan-manh
D:/pro/data/wav/enroll/training/Trung-Nam-4ct-pham-xuan-manh/ct-pham-xuan-manh3.wav,pham-xuan-manh
D:/pro/data/wav/enroll/training/Trung-Nam-6ct-ubnd-nghe-an-pham-xuan-duong/6ct-ubnd-nghe-an-pham-xuan-duong1.wav,pham-xuan-duong
D:/pro/data/wav/enroll/training/Trung-Nam-6ct-ubnd-nghe-an-pham-xuan-duong/6ct-ubnd-nghe-an-pham-xuan-duong2.wav,pham-xuan-duong
D:/pro/data/wav/enroll/training/Trung-Nam-6ct-ubnd-nghe-an-pham-xuan-duong/6ct-ubnd-nghe-an-pham-xuan-duong3.wav,pham-xuan-duong
D:/pro/data/wav/enroll/training/Trung-Nam-6ct-ubnd-nghe-an-pham-xuan-duong/6ct-ubnd-nghe-an-pham-xuan-duong4.wav,pham-xuan-duong
D:/pro/data/wav/enroll/training/Trung-Nam-6ct-ubnd-nghe-an-pham-xuan-duong/6ct-ubnd-nghe-an-pham-xuan-duong5.wav,pham-xuan-duong
D:/pro/data/wav/enroll/training/Trung-Nam-7thieu-tuong-le-van-cuong/thieu-tuong-le-van-cuong1.wav,le-van-cuong
D:/pro/data/wav/enroll/training/Trung-Nam-7thieu-tuong-le-van-cuong/thieu-tuong-le-van-cuong2.wav,le-van-cuong
D:/pro/data/wav/enroll/training/Trung-Nam-7thieu-tuong-le-van-cuong/thieu-tuong-le-van-cuong3.wav,le-van-cuong
D:/pro/data/wav/enroll/training/Trung-Nam-7thieu-tuong-le-van-cuong/thieu-tuong-le-van-cuong4.wav,le-van-cuong
D:/pro/data/wav/enroll/training/Trung-Nam-7thieu-tuong-le-van-cuong/thieu-tuong-le-van-cuong5.wav,le-van-cuong
D:/pro/data/wav/enroll/training/Trung-Nam-7thieu-tuong-le-van-cuong/thieu-tuong-le-van-cuong6.wav,le-van-cuong
D:/pro/data/wav/enroll/training/Trung-Nam-8bt-nghean-thai-thanh-thuy/bt-nghean-thai-thanh-thuy1.wav,thai-thanh-thuy
D:/pro/data/wav/enroll/training/Trung-Nam-8bt-nghean-thai-thanh-thuy/bt-nghean-thai-thanh-thuy2.wav,thai-thanh-thuy
D:/pro/data/wav/enroll/training/Trung-Nam-8bt-nghean-thai-thanh-thuy/bt-nghean-thai-thanh-thuy3.wav,thai-thanh-thuy
D:/pro/data/wav/enroll/training/Trung-Nam-8bt-nghean-thai-thanh-thuy/bt-nghean-thai-thanh-thuy4.wav,thai-thanh-thuy
D:/pro/data/wav/enroll/training/Trung-Nam-8bt-nghean-thai-thanh-thuy/bt-nghean-thai-thanh-thuy5.wav,thai-thanh-thuy
D:/pro/data/wav/enroll/training/Trung-Nam-9daubep-vo-hoang-ngan/daubep-vo-hoang-ngan1.wav,vo-hoang-ngan
D:/pro/data/wav/enroll/training/Trung-Nam-9daubep-vo-hoang-ngan/daubep-vo-hoang-ngan2.wav,vo-hoang-ngan
D:/pro/data/wav/enroll/training/Trung-Nam-9daubep-vo-hoang-ngan/daubep-vo-hoang-ngan3.wav,vo-hoang-ngan
D:/pro/data/wav/enroll/training/Trung-Nam-9daubep-vo-hoang-ngan/daubep-vo-hoang-ngan4.wav,vo-hoang-ngan
D:/pro/data/wav/enroll/training/Trung-Nam-10hlv-huu-thang/hlv-huu-thang1.wav,huu-thang
D:/pro/data/wav/enroll/training/Trung-Nam-10hlv-huu-thang/hlv-huu-thang2.wav,huu-thang
D:/pro/data/wav/enroll/training/Trung-Nam-10hlv-huu-thang/hlv-huu-thang3.wav,huu-thang
D:/pro/data/wav/enroll/training/Trung-Nam-10hlv-huu-thang/hlv-huu-thang4.wav,huu-thang
D:/pro/data/wav/enroll/training/Trung-Nam-10hlv-huu-thang/hlv-huu-thang5.wav,huu-thang
D:/pro/data/wav/enroll/training/Trung-Nam-10hlv-huu-thang/hlv-huu-thang6.wav,huu-thang
D:/pro/data/wav/enroll/training/Trung-Nam-11cs-long-nhat/cs-long-nhat1.wav,long-nhat
D:/pro/data/wav/enroll/training/Trung-Nam-11cs-long-nhat/cs-long-nhat2.wav,long-nhat
D:/pro/data/wav/enroll/training/Trung-Nam-11cs-long-nhat/cs-long-nhat3.wav,long-nhat
D:/pro/data/wav/enroll/training/Trung-Nam-11cs-long-nhat/cs-long-nhat4.wav,long-nhat
D:/pro/data/wav/enroll/training/Trung-Nam-12phan-thanh-hau/phan-thanh-hau1.wav,phan-thanh-hau
D:/pro/data/wav/enroll/training/Trung-Nam-12phan-thanh-hau/phan-thanh-hau2.wav,phan-thanh-hau
D:/pro/data/wav/enroll/training/Trung-Nam-12phan-thanh-hau/phan-thanh-hau3.wav,phan-thanh-hau
D:/pro/data/wav/enroll/training/Trung-Nam-12phan-thanh-hau/phan-thanh-hau4.wav,phan-thanh-hau
D:/pro/data/wav/enroll/training/Trung-Nam-12phan-thanh-hau/phan-thanh-hau5.wav,phan-thanh-hau
D:/pro/data/wav/enroll/training/Trung-Nam-13vdv-thach-kim-tuan/vdv-thach-kim-tuan1.wav,thach-kim-tuan
D:/pro/data/wav/enroll/training/Trung-Nam-13vdv-thach-kim-tuan/vdv-thach-kim-tuan2.wav,thach-kim-tuan
D:/pro/data/wav/enroll/training/Trung-Nam-13vdv-thach-kim-tuan/vdv-thach-kim-tuan3.wav,thach-kim-tuan
D:/pro/data/wav/enroll/training/Trung-Nam-13vdv-thach-kim-tuan/vdv-thach-kim-tuan4.wav,thach-kim-tuan
D:/pro/data/wav/enroll/training/Bac-Nu-1btv-hoai-anh/btv-hoai-anh1.wav,hoai-anh
D:/pro/data/wav/enroll/training/Bac-Nu-1btv-hoai-anh/btv-hoai-anh2.wav,hoai-anh
D:/pro/data/wav/enroll/training/Bac-Nu-1btv-hoai-anh/btv-hoai-anh3.wav,hoai-anh
D:/pro/data/wav/enroll/training/Bac-Nu-1btv-hoai-anh/btv-hoai-anh4.wav,hoai-anh
D:/pro/data/wav/enroll/training/Bac-Nu-1btv-hoai-anh/btv-hoai-anh5.wav,hoai-anh
D:/pro/data/wav/enroll/training/Bac-Nu-1btv-hoai-anh/btv-hoai-anh6.wav,hoai-anh
D:/pro/data/wav/enroll/training/Bac-Nu-1btv-hoai-anh/btv-hoai-anh7.wav,hoai-anh
D:/pro/data/wav/enroll/training/Bac-Nu-1btv-hoai-anh/btv-hoai-anh8.wav,hoai-anh
D:/pro/data/wav/enroll/training/Bac-Nu-2mc-thao-van/mc-thao-van1.wav,thao-van
D:/pro/data/wav/enroll/training/Bac-Nu-2mc-thao-van/mc-thao-van2.wav,thao-van
D:/pro/data/wav/enroll/training/Bac-Nu-2mc-thao-van/mc-thao-van3.wav,thao-van
D:/pro/data/wav/enroll/training/Bac-Nu-2mc-thao-van/mc-thao-van4.wav,thao-van
D:/pro/data/wav/enroll/training/Bac-Nu-2mc-thao-van/mc-thao-van5.wav,thao-van
D:/pro/data/wav/enroll/training/Bac-Nu-2mc-thao-van/mc-thao-van6.wav,thao-van
D:/pro/data/wav/enroll/training/Bac-Nu-3nsh-van-dung/nsh-van-dung1.wav,van-dung
D:/pro/data/wav/enroll/training/Bac-Nu-3nsh-van-dung/nsh-van-dung2.wav,van-dung
D:/pro/data/wav/enroll/training/Bac-Nu-3nsh-van-dung/nsh-van-dung3.wav,van-dung
D:/pro/data/wav/enroll/training/Bac-Nu-3nsh-van-dung/nsh-van-dung4.wav,van-dung
D:/pro/data/wav/enroll/training/Bac-Nu-3nsh-van-dung/nsh-van-dung5.wav,van-dung
D:/pro/data/wav/enroll/training/Bac-Nu-3nsh-van-dung/nsh-van-dung6.wav,van-dung
D:/pro/data/wav/enroll/training/Bac-Nu-4ptv-kim-tien/ptv-kim-tien1.wav,kim-tien
D:/pro/data/wav/enroll/training/Bac-Nu-4ptv-kim-tien/ptv-kim-tien2.wav,kim-tien
D:/pro/data/wav/enroll/training/Bac-Nu-4ptv-kim-tien/ptv-kim-tien3.wav,kim-tien
D:/pro/data/wav/enroll/training/Bac-Nu-4ptv-kim-tien/ptv-kim-tien4.wav,kim-tien
D:/pro/data/wav/enroll/training/Bac-Nu-4ptv-kim-tien/ptv-kim-tien5.wav,kim-tien
D:/pro/data/wav/enroll/training/Bac-Nu-4ptv-kim-tien/ptv-kim-tien6.wav,kim-tien
D:/pro/data/wav/enroll/training/Bac-Nu-5cs-hoang-yen-chibi/cs-hoang-yen-chibi1.wav,hoang-yen-chibi
D:/pro/data/wav/enroll/training/Bac-Nu-5cs-hoang-yen-chibi/cs-hoang-yen-chibi2.wav,hoang-yen-chibi
D:/pro/data/wav/enroll/training/Bac-Nu-5cs-hoang-yen-chibi/cs-hoang-yen-chibi3.wav,hoang-yen-chibi
D:/pro/data/wav/enroll/training/Bac-Nu-5cs-hoang-yen-chibi/cs-hoang-yen-chibi4.wav,hoang-yen-chibi
D:/pro/data/wav/enroll/training/Bac-Nu-5cs-hoang-yen-chibi/cs-hoang-yen-chibi5.wav,hoang-yen-chibi
D:/pro/data/wav/enroll/training/Bac-Nu-6cs-pham-quynh-anh/cs-pham-quynh-anh1.wav,pham-quynh-anh
D:/pro/data/wav/enroll/training/Bac-Nu-6cs-pham-quynh-anh/cs-pham-quynh-anh2.wav,pham-quynh-anh
D:/pro/data/wav/enroll/training/Bac-Nu-6cs-pham-quynh-anh/cs-pham-quynh-anh3.wav,pham-quynh-anh
D:/pro/data/wav/enroll/training/Bac-Nu-6cs-pham-quynh-anh/cs-pham-quynh-anh4.wav,pham-quynh-anh
D:/pro/data/wav/enroll/training/Bac-Nu-6cs-pham-quynh-anh/cs-pham-quynh-anh5.wav,pham-quynh-anh
D:/pro/data/wav/enroll/training/Bac-Nu-6cs-pham-quynh-anh/cs-pham-quynh-anh6.wav,pham-quynh-anh
D:/pro/data/wav/enroll/training/Bac-Nu-6cs-pham-quynh-anh/cs-pham-quynh-anh7.wav,pham-quynh-anh
D:/pro/data/wav/enroll/training/Bac-Nu-7cs-le-quyen/cs-le-quyen1.wav,le-quyen
D:/pro/data/wav/enroll/training/Bac-Nu-7cs-le-quyen/cs-le-quyen2.wav,le-quyen
D:/pro/data/wav/enroll/training/Bac-Nu-7cs-le-quyen/cs-le-quyen3.wav,le-quyen
D:/pro/data/wav/enroll/training/Bac-Nu-7cs-le-quyen/cs-le-quyen4.wav,le-quyen
D:/pro/data/wav/enroll/training/Bac-Nu-7cs-le-quyen/cs-le-quyen5.wav,le-quyen
D:/pro/data/wav/enroll/training/Bac-Nu-7cs-le-quyen/cs-le-quyen6.wav,le-quyen
D:/pro/data/wav/enroll/training/Bac-Nu-8mc-thanh-van-hugo/mc-thanh-van-hugo1.wav,thanh-van-hugo
D:/pro/data/wav/enroll/training/Bac-Nu-8mc-thanh-van-hugo/mc-thanh-van-hugo2.wav,thanh-van-hugo
D:/pro/data/wav/enroll/training/Bac-Nu-8mc-thanh-van-hugo/mc-thanh-van-hugo3.wav,thanh-van-hugo
D:/pro/data/wav/enroll/training/Bac-Nu-8mc-thanh-van-hugo/mc-thanh-van-hugo4.wav,thanh-van-hugo
D:/pro/data/wav/enroll/training/Bac-Nu-8mc-thanh-van-hugo/mc-thanh-van-hugo5.wav,thanh-van-hugo
D:/pro/data/wav/enroll/training/Bac-Nu-8mc-thanh-van-hugo/mc-thanh-van-hugo6.wav,thanh-van-hugo
D:/pro/data/wav/enroll/training/MienNam-Nu-1ctqh-nguyen-thi-kim-ngan/ctqh-nguyen-thi-kim-ngan1.wav,nguyen-thi-kim-ngan
D:/pro/data/wav/enroll/training/MienNam-Nu-1ctqh-nguyen-thi-kim-ngan/ctqh-nguyen-thi-kim-ngan2.wav,nguyen-thi-kim-ngan
D:/pro/data/wav/enroll/training/MienNam-Nu-1ctqh-nguyen-thi-kim-ngan/ctqh-nguyen-thi-kim-ngan3.wav,nguyen-thi-kim-ngan
D:/pro/data/wav/enroll/training/MienNam-Nu-1ctqh-nguyen-thi-kim-ngan/ctqh-nguyen-thi-kim-ngan4.wav,nguyen-thi-kim-ngan
D:/pro/data/wav/enroll/training/MienNam-Nu-1ctqh-nguyen-thi-kim-ngan/ctqh-nguyen-thi-kim-ngan5.wav,nguyen-thi-kim-ngan
D:/pro/data/wav/enroll/training/MienNam-Nu-1ctqh-nguyen-thi-kim-ngan/ctqh-nguyen-thi-kim-ngan6.wav,nguyen-thi-kim-ngan
D:/pro/data/wav/enroll/training/MienNam-Nu-1ctqh-nguyen-thi-kim-ngan/ctqh-nguyen-thi-kim-ngan7.wav,nguyen-thi-kim-ngan
D:/pro/data/wav/enroll/training/MienNam-Nu-1ctqh-nguyen-thi-kim-ngan/ctqh-nguyen-thi-kim-ngan8.wav,nguyen-thi-kim-ngan
D:/pro/data/wav/enroll/training/MienNam-Nu-2nsh-viet-huong/nsh-viet-huong1.wav,viet-huong
D:/pro/data/wav/enroll/training/MienNam-Nu-2nsh-viet-huong/nsh-viet-huong2.wav,viet-huong
D:/pro/data/wav/enroll/training/MienNam-Nu-2nsh-viet-huong/nsh-viet-huong3.wav,viet-huong
D:/pro/data/wav/enroll/training/MienNam-Nu-2nsh-viet-huong/nsh-viet-huong4.wav,viet-huong
D:/pro/data/wav/enroll/training/MienNam-Nu-2nsh-viet-huong/nsh-viet-huong5.wav,viet-huong
D:/pro/data/wav/enroll/training/MienNam-Nu-2nsh-viet-huong/nsh-viet-huong6.wav,viet-huong
D:/pro/data/wav/enroll/training/MienNam-Nu-3cs-minh-hang/cs-minh-hang1.wav,minh-hang
D:/pro/data/wav/enroll/training/MienNam-Nu-3cs-minh-hang/cs-minh-hang2.wav,minh-hang
D:/pro/data/wav/enroll/training/MienNam-Nu-3cs-minh-hang/cs-minh-hang3.wav,minh-hang
D:/pro/data/wav/enroll/training/MienNam-Nu-3cs-minh-hang/cs-minh-hang4.wav,minh-hang
D:/pro/data/wav/enroll/training/MienNam-Nu-3cs-minh-hang/cs-minh-hang5.wav,minh-hang
D:/pro/data/wav/enroll/training/MienNam-Nu-4cs-khong-tu-quynh/cs-khong-tu-quynh1.wav,khong-tu-quynh
D:/pro/data/wav/enroll/training/MienNam-Nu-4cs-khong-tu-quynh/cs-khong-tu-quynh2.wav,khong-tu-quynh
D:/pro/data/wav/enroll/training/MienNam-Nu-4cs-khong-tu-quynh/cs-khong-tu-quynh3.wav,khong-tu-quynh
D:/pro/data/wav/enroll/training/MienNam-Nu-4cs-khong-tu-quynh/cs-khong-tu-quynh4.wav,khong-tu-quynh
D:/pro/data/wav/enroll/training/MienNam-Nu-4cs-khong-tu-quynh/cs-khong-tu-quynh5.wav,khong-tu-quynh
D:/pro/data/wav/enroll/training/MienNam-Nu-5dv-diem-my9x/dv-diem-my9x1.wav,diem-my9x
D:/pro/data/wav/enroll/training/MienNam-Nu-5dv-diem-my9x/dv-diem-my9x2.wav,diem-my9x
D:/pro/data/wav/enroll/training/MienNam-Nu-5dv-diem-my9x/dv-diem-my9x3.wav,diem-my9x
D:/pro/data/wav/enroll/training/MienNam-Nu-5dv-diem-my9x/dv-diem-my9x4.wav,diem-my9x
D:/pro/data/wav/enroll/training/MienNam-Nu-5dv-diem-my9x/dv-diem-my9x5.wav,diem-my9x
D:/pro/data/wav/enroll/training/MienNam-Nu-7ninh-duong-lan-ngoc/ninh-duong-lan-ngoc1.wav,ninh-duong-lan-ngoc
D:/pro/data/wav/enroll/training/MienNam-Nu-7ninh-duong-lan-ngoc/ninh-duong-lan-ngoc2.wav,ninh-duong-lan-ngoc
D:/pro/data/wav/enroll/training/MienNam-Nu-7ninh-duong-lan-ngoc/ninh-duong-lan-ngoc3.wav,ninh-duong-lan-ngoc
D:/pro/data/wav/enroll/training/MienNam-Nu-7ninh-duong-lan-ngoc/ninh-duong-lan-ngoc4.wav,ninh-duong-lan-ngoc
D:/pro/data/wav/enroll/training/MienNam-Nu-8phuong-my-chi/phuong-my-chi1.wav,phuong-my-chi
D:/pro/data/wav/enroll/training/MienNam-Nu-8phuong-my-chi/phuong-my-chi2.wav,phuong-my-chi
D:/pro/data/wav/enroll/training/MienNam-Nu-8phuong-my-chi/phuong-my-chi3.wav,phuong-my-chi
D:/pro/data/wav/enroll/training/MienNam-Nu-8phuong-my-chi/phuong-my-chi4.wav,phuong-my-chi
D:/pro/data/wav/enroll/training/MienNam-Nu-8phuong-my-chi/phuong-my-chi5.wav,phuong-my-chi
D:/pro/data/wav/enroll/training/MienNam-Nu-8phuong-my-chi/phuong-my-chi6.wav,phuong-my-chi
D:/pro/data/wav/enroll/training/MienNam-Nu-9cs-miu-le/cs-miu-le1.wav,miu-le
D:/pro/data/wav/enroll/training/MienNam-Nu-9cs-miu-le/cs-miu-le2.wav,miu-le
D:/pro/data/wav/enroll/training/MienNam-Nu-9cs-miu-le/cs-miu-le3.wav,miu-le
D:/pro/data/wav/enroll/training/MienNam-Nu-9cs-miu-le/cs-miu-le4.wav,miu-le
D:/pro/data/wav/enroll/training/MienNam-Nu-9cs-miu-le/cs-miu-le5.wav,miu-le
D:/pro/data/wav/enroll/training/MienNam-Nu-9cs-miu-le/cs-miu-le6.wav,miu-le
D:/pro/data/wav/enroll/training/MienNam-Nu-10suboi/suboi1.wav,suboi
D:/pro/data/wav/enroll/training/MienNam-Nu-10suboi/suboi2.wav,suboi
D:/pro/data/wav/enroll/training/MienNam-Nu-10suboi/suboi3.wav,suboi
D:/pro/data/wav/enroll/training/MienNam-Nu-10suboi/suboi4.wav,suboi
D:/pro/data/wav/enroll/training/MienNam-Nu-10suboi/suboi5.wav,suboi
D:/pro/data/wav/enroll/training/MienNam-Nu-10suboi/suboi6.wav,suboi
D:/pro/data/wav/enroll/training/MienNam-Nu-11cs-toc-tien/cs-toc-tien1.wav,toc-tien
D:/pro/data/wav/enroll/training/MienNam-Nu-11cs-toc-tien/cs-toc-tien2.wav,toc-tien
D:/pro/data/wav/enroll/training/MienNam-Nu-11cs-toc-tien/cs-toc-tien3.wav,toc-tien
D:/pro/data/wav/enroll/training/MienNam-Nu-11cs-toc-tien/cs-toc-tien4.wav,toc-tien
D:/pro/data/wav/enroll/training/MienNam-Nu-11cs-toc-tien/cs-toc-tien5.wav,toc-tien
D:/pro/data/wav/enroll/training/MienNam-Nu-12angela-phuong-trinh/angela-phuong-trinh1.wav,angela-phuong-trinh
D:/pro/data/wav/enroll/training/MienNam-Nu-12angela-phuong-trinh/angela-phuong-trinh2.wav,angela-phuong-trinh
D:/pro/data/wav/enroll/training/MienNam-Nu-12angela-phuong-trinh/angela-phuong-trinh3.wav,angela-phuong-trinh
D:/pro/data/wav/enroll/training/MienNam-Nu-12angela-phuong-trinh/angela-phuong-trinh4.wav,angela-phuong-trinh
D:/pro/data/wav/enroll/training/MienNam-Nu-12angela-phuong-trinh/angela-phuong-trinh5.wav,angela-phuong-trinh
D:/pro/data/wav/enroll/training/MienNam-Nu-13hotgirl-kha-ngan/hotgirl-kha-ngan1.wav,kha-ngan
D:/pro/data/wav/enroll/training/MienNam-Nu-13hotgirl-kha-ngan/hotgirl-kha-ngan2.wav,kha-ngan
D:/pro/data/wav/enroll/training/MienNam-Nu-13hotgirl-kha-ngan/hotgirl-kha-ngan3.wav,kha-ngan
D:/pro/data/wav/enroll/training/MienNam-Nu-13hotgirl-kha-ngan/hotgirl-kha-ngan4.wav,kha-ngan
D:/pro/data/wav/enroll/training/MienNam-Nu-13hotgirl-kha-ngan/hotgirl-kha-ngan5.wav,kha-ngan
D:/pro/data/wav/enroll/training/MienNam-Nu-14midu/midu1.wav,midu
D:/pro/data/wav/enroll/training/MienNam-Nu-14midu/midu2.wav,midu
D:/pro/data/wav/enroll/training/MienNam-Nu-14midu/midu3.wav,midu
D:/pro/data/wav/enroll/training/MienNam-Nu-14midu/midu4.wav,midu
D:/pro/data/wav/enroll/training/MienNam-Nu-14midu/midu5.wav,midu
D:/pro/data/wav/enroll/training/MienNam-Nu-15cs-bao-anh/cs-bao-anh1.wav,bao-anh
D:/pro/data/wav/enroll/training/MienNam-Nu-15cs-bao-anh/cs-bao-anh2.wav,bao-anh
D:/pro/data/wav/enroll/training/MienNam-Nu-15cs-bao-anh/cs-bao-anh3.wav,bao-anh
D:/pro/data/wav/enroll/training/MienNam-Nu-15cs-bao-anh/cs-bao-anh4.wav,bao-anh
D:/pro/data/wav/enroll/training/MienNam-Nu-15cs-bao-anh/cs-bao-anh5.wav,bao-anh
D:/pro/data/wav/enroll/training/MienNam-Nu-15cs-bao-anh/cs-bao-anh6.wav,bao-anh
D:/pro/data/wav/enroll/training/MienNam-Nu-16dv-ngoc-lan/dv-ngoc-lan1.wav,ngoc-lan
D:/pro/data/wav/enroll/training/MienNam-Nu-16dv-ngoc-lan/dv-ngoc-lan2.wav,ngoc-lan
D:/pro/data/wav/enroll/training/MienNam-Nu-16dv-ngoc-lan/dv-ngoc-lan3.wav,ngoc-lan
D:/pro/data/wav/enroll/training/MienNam-Nu-16dv-ngoc-lan/dv-ngoc-lan4.wav,ngoc-lan
D:/pro/data/wav/enroll/training/MienNam-Nu-16dv-ngoc-lan/dv-ngoc-lan5.wav,ngoc-lan
D:/pro/data/wav/enroll/training/Trung-Nu-1cs-my-tam/cs-my-tam1.wav,my-tam
D:/pro/data/wav/enroll/training/Trung-Nu-1cs-my-tam/cs-my-tam2.wav,my-tam
D:/pro/data/wav/enroll/training/Trung-Nu-1cs-my-tam/cs-my-tam3.wav,my-tam
D:/pro/data/wav/enroll/training/Trung-Nu-1cs-my-tam/cs-my-tam4.wav,my-tam
D:/pro/data/wav/enroll/training/Trung-Nu-1cs-my-tam/cs-my-tam5.wav,my-tam
D:/pro/data/wav/enroll/training/Trung-Nu-2nm-thanh-hang/nm-thanh-hang1.wav,thanh-hang
D:/pro/data/wav/enroll/training/Trung-Nu-2nm-thanh-hang/nm-thanh-hang2.wav,thanh-hang
D:/pro/data/wav/enroll/training/Trung-Nu-2nm-thanh-hang/nm-thanh-hang3.wav,thanh-hang
D:/pro/data/wav/enroll/training/Trung-Nu-2nm-thanh-hang/nm-thanh-hang4.wav,thanh-hang
D:/pro/data/wav/enroll/training/Trung-Nu-2nm-thanh-hang/nm-thanh-hang5.wav,thanh-hang
D:/pro/data/wav/enroll/training/Trung-Nu-3hh-tran-tieu-vy/hh-tran-tieu-vy1.wav,tran-tieu-vy
D:/pro/data/wav/enroll/training/Trung-Nu-3hh-tran-tieu-vy/hh-tran-tieu-vy2.wav,tran-tieu-vy
D:/pro/data/wav/enroll/training/Trung-Nu-3hh-tran-tieu-vy/hh-tran-tieu-vy3.wav,tran-tieu-vy
D:/pro/data/wav/enroll/training/Trung-Nu-3hh-tran-tieu-vy/hh-tran-tieu-vy4.wav,tran-tieu-vy
D:/pro/data/wav/enroll/training/Trung-Nu-4cs-hien-ho/cs-hien-ho1.wav,hien-ho
D:/pro/data/wav/enroll/training/Trung-Nu-4cs-hien-ho/cs-hien-ho2.wav,hien-ho
D:/pro/data/wav/enroll/training/Trung-Nu-4cs-hien-ho/cs-hien-ho3.wav,hien-ho
D:/pro/data/wav/enroll/training/Trung-Nu-5ns-thuy-nga/ns-thuy-nga1.wav,thuy-nga
D:/pro/data/wav/enroll/training/Trung-Nu-5ns-thuy-nga/ns-thuy-nga2.wav,thuy-nga
D:/pro/data/wav/enroll/training/Trung-Nu-5ns-thuy-nga/ns-thuy-nga3.wav,thuy-nga
D:/pro/data/wav/enroll/training/Trung-Nu-5ns-thuy-nga/ns-thuy-nga4.wav,thuy-nga
D:/pro/data/wav/enroll/training/Trung-Nu-6le-cat-trong-ly/le-cat-trong-ly1.wav,le-cat-trong-ly
D:/pro/data/wav/enroll/training/Trung-Nu-6le-cat-trong-ly/le-cat-trong-ly2.wav,le-cat-trong-ly
D:/pro/data/wav/enroll/training/Trung-Nu-6le-cat-trong-ly/le-cat-trong-ly3.wav,le-cat-trong-ly
D:/pro/data/wav/enroll/training/Trung-Nu-6le-cat-trong-ly/le-cat-trong-ly4.wav,le-cat-trong-ly
D:/pro/data/wav/enroll/training/Trung-Nu-6le-cat-trong-ly/le-cat-trong-ly5.wav,le-cat-trong-ly
D:/pro/data/wav/enroll/training/Trung-Nu-6le-cat-trong-ly/le-cat-trong-ly6.wav,le-cat-trong-ly
D:/pro/data/wav/enroll/training/Trung-Nu-7nha-van-phan-y-yen/nha-van-phan-y-yen1.wav,phan-y-yen
D:/pro/data/wav/enroll/training/Trung-Nu-7nha-van-phan-y-yen/nha-van-phan-y-yen2.wav,phan-y-yen
D:/pro/data/wav/enroll/training/Trung-Nu-7nha-van-phan-y-yen/nha-van-phan-y-yen3.wav,phan-y-yen
D:/pro/data/wav/enroll/training/Trung-Nu-7nha-van-phan-y-yen/nha-van-phan-y-yen4.wav,phan-y-yen
D:/pro/data/wav/enroll/training/Trung-Nu-8chuyen-gia-am-thuc-phan-ton-tinh-hai/chuyen-gia-am-thuc-phan-ton-tinh-hai1.wav,phan-ton-tinh-hai
D:/pro/data/wav/enroll/training/Trung-Nu-8chuyen-gia-am-thuc-phan-ton-tinh-hai/chuyen-gia-am-thuc-phan-ton-tinh-hai2.wav,phan-ton-tinh-hai
D:/pro/data/wav/enroll/training/Trung-Nu-8chuyen-gia-am-thuc-phan-ton-tinh-hai/chuyen-gia-am-thuc-phan-ton-tinh-hai3.wav,phan-ton-tinh-hai
D:/pro/data/wav/enroll/training/Trung-Nu-8chuyen-gia-am-thuc-phan-ton-tinh-hai/chuyen-gia-am-thuc-phan-ton-tinh-hai4.wav,phan-ton-tinh-hai
D:/pro/data/wav/enroll/training/Trung-Nu-8chuyen-gia-am-thuc-phan-ton-tinh-hai/chuyen-gia-am-thuc-phan-ton-tinh-hai5.wav,phan-ton-tinh-hai
D:/pro/data/wav/enroll/training/Trung-Nu-9dj-mie/dj-mie1.wav,dj-mie
D:/pro/data/wav/enroll/training/Trung-Nu-9dj-mie/dj-mie2.wav,dj-mie
D:/pro/data/wav/enroll/training/Trung-Nu-9dj-mie/dj-mie3.wav,dj-mie
D:/pro/data/wav/enroll/training/Trung-Nu-9dj-mie/dj-mie4.wav,dj-mie
D:/pro/data/wav/enroll/training/Trung-Nu-9dj-mie/dj-mie5.wav,dj-mie
D:/pro/data/wav/enroll/training/Trung-Nu-9dj-mie/dj-mie6.wav,dj-mie
D:/pro/data/wav/enroll/training/Trung-Nu-10dv-ho-bich-tram/dv-ho-bich-tram1.wav,ho-bich-tram
D:/pro/data/wav/enroll/training/Trung-Nu-10dv-ho-bich-tram/dv-ho-bich-tram2.wav,ho-bich-tram
D:/pro/data/wav/enroll/training/Trung-Nu-10dv-ho-bich-tram/dv-ho-bich-tram3.wav,ho-bich-tram
D:/pro/data/wav/enroll/training/Trung-Nu-10dv-ho-bich-tram/dv-ho-bich-tram4.wav,ho-bich-tram
D:/pro/data/wav/enroll/training/Trung-Nu-11mc-anh-tho/mc-anh-tho1.wav,anh-tho
D:/pro/data/wav/enroll/training/Trung-Nu-11mc-anh-tho/mc-anh-tho2.wav,anh-tho
D:/pro/data/wav/enroll/training/Trung-Nu-11mc-anh-tho/mc-anh-tho3.wav,anh-tho
D:/pro/data/wav/enroll/training/Trung-Nu-11mc-anh-tho/mc-anh-tho4.wav,anh-tho
D:/pro/data/wav/enroll/training/Trung-Nu-11mc-anh-tho/mc-anh-tho5.wav,anh-tho
D:/pro/data/wav/enroll/training/Trung-Nu-11mc-anh-tho/mc-anh-tho6.wav,anh-tho
D:/pro/data/wav/enroll/training/Trung-Nu-12cs-vy-oanh/cs-vy-oanh1.wav,vy-oanh
D:/pro/data/wav/enroll/training/Trung-Nu-12cs-vy-oanh/cs-vy-oanh2.wav,vy-oanh
D:/pro/data/wav/enroll/training/Trung-Nu-12cs-vy-oanh/cs-vy-oanh3.wav,vy-oanh
D:/pro/data/wav/enroll/training/Trung-Nu-12cs-vy-oanh/cs-vy-oanh4.wav,vy-oanh
D:/pro/data/wav/enroll/training/Trung-Nu-12cs-vy-oanh/cs-vy-oanh5.wav,vy-oanh
